Year	Transport Mode	Passengers
2010	Bus journeys	189.1146606
2010	Bus journeys	181.6047923
2010	Bus journeys	175.8831733
2010	Bus journeys	183.4280516
2010	Bus journeys	160.4227672
2010	Bus journeys	175.8073358
2010	Bus journeys	189.7979071
2010	Bus journeys	179.8809146
2010	Bus journeys	178.8450951
2010	Bus journeys	140.051899
2011	Bus journeys	183.0263399
2011	Bus journeys	177.1822043
2011	Bus journeys	173.9412484
2011	Bus journeys	183.7890695
2011	Bus journeys	186.1431198
2011	Bus journeys	181.6502126
2011	Bus journeys	186.6689899
2011	Bus journeys	161.0650796
2011	Bus journeys	173.899762
2011	Bus journeys	193.4086629
2011	Bus journeys	185.1585965
2011	Bus journeys	189.4425409
2011	Bus journeys	151.1920286
2012	Bus journeys	181.3792522
2012	Bus journeys	179.4957134
2012	Bus journeys	191.1803453
2012	Bus journeys	171.8478123
2012	Bus journeys	189.2119656
2012	Bus journeys	176.5380988
2012	Bus journeys	189.9110592
2012	Bus journeys	167.1383355
2012	Bus journeys	177.0473123
2012	Bus journeys	194.2151059
2012	Bus journeys	184.6723651
2012	Bus journeys	187.603801
2012	Bus journeys	151.9363269
2013	Bus journeys	178.1221944
2013	Bus journeys	180.2517954
2013	Bus journeys	186.5040642
2013	Bus journeys	171.634596
2013	Bus journeys	188.7783616
2013	Bus journeys	183.498908
2013	Bus journeys	190.1784043
2013	Bus journeys	166.3236541
2013	Bus journeys	173.6793093
2013	Bus journeys	194.5059853
2013	Bus journeys	186.3485597
2013	Bus journeys	193.2191911
2013	Bus journeys	155.1304078
2014	Bus journeys	186.6478788
2014	Bus journeys	185.6287836
2014	Bus journeys	206.8533317
2014	Bus journeys	164.1128984
2014	Bus journeys	192.7652362
2014	Bus journeys	188.0825198
2014	Bus journeys	191.1015715
2014	Bus journeys	169.2446588
2014	Bus journeys	176.5021254
2014	Bus journeys	198.7598134
2014	Bus journeys	190.1546904
2014	Bus journeys	195.6391849
2014	Bus journeys	156.8042458
2015	Bus journeys	178.2268004
2015	Bus journeys	176.2994552
2015	Bus journeys	207.5099392
2015	Bus journeys	203.3982894
2015	Bus journeys	180.4511754
2015	Bus journeys	189.8925395
2015	Bus journeys	182.5099453
2015	Bus journeys	162.2927649
2015	Bus journeys	175.0026654
2015	Bus journeys	190.7567215
2015	Bus journeys	181.1999349
2015	Bus journeys	186.6151484
2015	Bus journeys	147.1039225
2016	Bus journeys	179.5026361
2016	Bus journeys	175.9804637
2016	Bus journeys	159.4396243
2016	Bus journeys	189.2696946
2016	Bus journeys	181.877468
2016	Bus journeys	173.6442849
2016	Bus journeys	177.6993792
2016	Bus journeys	155.321431
2016	Bus journeys	166.3205143
2016	Bus journeys	186.9184053
2016	Bus journeys	176.6024622
2016	Bus journeys	182.6521273
2016	Bus journeys	145.7549356
2017	Bus journeys	174.4384818
2017	Bus journeys	172.9433928
2017	Bus journeys	178.3662
2017	Bus journeys	172.5880603
2017	Bus journeys	182.263921
2017	Bus journeys	175.7759459
2017	Bus journeys	181.4774547
2017	Bus journeys	155.1018845
2017	Bus journeys	165.9884702
2017	Bus journeys	186.9083717
2017	Bus journeys	178.097614
2017	Bus journeys	183.7709394
2017	Bus journeys	145.0617339
2018	Bus journeys	175.2207321
2018	Bus journeys	168.6537267
2018	Bus journeys	176.4983813
2018	Bus journeys	165.8652481
2018	Bus journeys	179.6128231
2018	Bus journeys	173.8886094
2018	Bus journeys	177.7558703
2018	Bus journeys	151.5015641
2018	Bus journeys	162.1282351
2018	Bus journeys	183.7250794
2018	Bus journeys	175.1653687
2018	Bus journeys	180.5210914
2018	Bus journeys	144.857876
2019	Bus journeys	171.3353323
2019	Bus journeys	171.3055776
2019	Bus journeys	182.7394455
2019	Bus journeys	156.63758
2019	Bus journeys	175.2471373
2019	Bus journeys	171.3800179
2019	Bus journeys	176.9586057
2019	Bus journeys	149.8232367
2019	Bus journeys	159.7781831
2019	Bus journeys	179.3092965
2019	Bus journeys	168.9086314
2019	Bus journeys	176.2157208
2019	Bus journeys	140.9879969
2020	Bus journeys	169.4236583
2020	Bus journeys	165.1762223
2020	Bus journeys	126.4461613
2020	Bus journeys	30.22373646
2020	Bus journeys	32.4672429
2020	Bus journeys	46.95951983
2020	Bus journeys	66.66579493
2020	Bus journeys	75.17395979
2020	Bus journeys	94.76144428
2020	Bus journeys	101.9750272
2020	Bus journeys	88.85523703
2020	Bus journeys	88.99404731
2020	Bus journeys	57.48044274
2021	Bus journeys	51.62279978
2021	Bus journeys	56.89329743
2021	Bus journeys	72.92840422
2021	Bus journeys	95.9139842
2021	Bus journeys	104.2862393
2021	Bus journeys	106.9782457
2021	Bus journeys	109.1357947
2021	Bus journeys	98.81442361
2021	Bus journeys	115.5285252
2021	Bus journeys	130.1574945
2021	Bus journeys	125.3761971
2021	Bus journeys	131.3435068
2021	Bus journeys	95.1341721
2022	Bus journeys	123.5065039
2022	Bus journeys	127.7833297
2022	Bus journeys	126.7074071
2022	Bus journeys	134.9875548
2022	Bus journeys	140.4674372
2022	Bus journeys	138.0328727
2022	Bus journeys	137.8083418
2022	Bus journeys	122.4636054
2022	Bus journeys	132.881525
2022	Bus journeys	146.9544838
2022	Bus journeys	143.1045551
2022	Bus journeys	145.9953186
2022	Bus journeys	116.9117902
2023	Bus journeys	141.2852413
2023	Bus journeys	141.6020729
2023	Bus journeys	142.15471
2023	Bus journeys	141.413888
2023	Bus journeys	146.6269352
2023	Bus journeys	146.3739736
2023	Bus journeys	147.5320843
2023	Bus journeys	129.8849268
2023	Bus journeys	139.931057
2023	Bus journeys	155.7569185
2023	Bus journeys	146.3031011
2023	Bus journeys	150.8579274
2023	Bus journeys	123.6555112
2024	Bus journeys	143.9749193
2024	Bus journeys	145.261297
2024	Bus journeys	151.9856172
2024	Bus journeys	137.3762799
2024	Bus journeys	150.6350048
2024	Bus journeys	145.8974094
2024	Bus journeys	148.3170683
2010	Underground journeys	90.54539076
2010	Underground journeys	84.51750361
2010	Underground journeys	84.28601412
2010	Underground journeys	86.4796125
2010	Underground journeys	82.89528685
2010	Underground journeys	80.8557023
2010	Underground journeys	88.67451986
2010	Underground journeys	90.28282406
2010	Underground journeys	90.59212668
2010	Underground journeys	72.52297907
2011	Underground journeys	84.43794176
2011	Underground journeys	87.77823237
2011	Underground journeys	83.47486002
2011	Underground journeys	91.22177178
2011	Underground journeys	87.77794338
2011	Underground journeys	88.90345682
2011	Underground journeys	92.49330154
2011	Underground journeys	85.5390092
2011	Underground journeys	85.2846178
2011	Underground journeys	93.13557313
2011	Underground journeys	95.84763471
2011	Underground journeys	97.08867289
2011	Underground journeys	79.26297107
2012	Underground journeys	89.80748698
2012	Underground journeys	91.45527621
2012	Underground journeys	92.69410954
2012	Underground journeys	88.66567538
2012	Underground journeys	92.60653428
2012	Underground journeys	89.68556428
2012	Underground journeys	96.91161194
2012	Underground journeys	102.9924911
2012	Underground journeys	93.96062143
2012	Underground journeys	98.17491386
2012	Underground journeys	100.4284137
2012	Underground journeys	101.9099212
2012	Underground journeys	78.98283756
2013	Underground journeys	91.72007793
2013	Underground journeys	96.67883842
2013	Underground journeys	96.61151883
2013	Underground journeys	92.10754741
2013	Underground journeys	97.16726105
2013	Underground journeys	95.86114084
2013	Underground journeys	100.8328472
2013	Underground journeys	94.09931685
2013	Underground journeys	90.9637581
2013	Underground journeys	101.4474843
2013	Underground journeys	103.7253126
2013	Underground journeys	106.3380388
2013	Underground journeys	83.90747525
2014	Underground journeys	96.81866576
2014	Underground journeys	94.30084282
2014	Underground journeys	107.0254069
2014	Underground journeys	88.79575396
2014	Underground journeys	92.19550744
2014	Underground journeys	98.21307747
2014	Underground journeys	102.6174037
2014	Underground journeys	97.27515758
2014	Underground journeys	93.17249178
2014	Underground journeys	104.0980606
2014	Underground journeys	108.604873
2014	Underground journeys	111.1512779
2014	Underground journeys	87.01990433
2015	Underground journeys	100.2104666
2015	Underground journeys	105.7199185
2015	Underground journeys	116.3103823
2015	Underground journeys	113.6154159
2015	Underground journeys	102.0286834
2015	Underground journeys	105.8522637
2015	Underground journeys	101.2696439
2015	Underground journeys	94.61934685
2015	Underground journeys	97.63890691
2015	Underground journeys	111.6690247
2015	Underground journeys	112.7043198
2015	Underground journeys	114.0281099
2015	Underground journeys	85.36130233
2016	Underground journeys	106.8373267
2016	Underground journeys	109.2514286
2016	Underground journeys	94.46293197
2016	Underground journeys	114.1526265
2016	Underground journeys	105.7104852
2016	Underground journeys	104.2123534
2016	Underground journeys	109.057369
2016	Underground journeys	101.0829368
2016	Underground journeys	98.75429933
2016	Underground journeys	110.3881285
2016	Underground journeys	112.6088136
2016	Underground journeys	116.6632478
2016	Underground journeys	89.01784608
2017	Underground journeys	101.8914987
2017	Underground journeys	108.2720751
2017	Underground journeys	106.0387452
2017	Underground journeys	104.5549085
2017	Underground journeys	106.0963125
2017	Underground journeys	101.6014999
2017	Underground journeys	108.9864657
2017	Underground journeys	101.0410377
2017	Underground journeys	96.44990665
2017	Underground journeys	108.6015954
2017	Underground journeys	110.5681302
2017	Underground journeys	115.0932292
2017	Underground journeys	87.68798117
2018	Underground journeys	105.4634096
2018	Underground journeys	105.2517584
2018	Underground journeys	105.3065351
2018	Underground journeys	103.5108205
2018	Underground journeys	105.5676361
2018	Underground journeys	104.4082162
2018	Underground journeys	109.0412796
2018	Underground journeys	100.3651244
2018	Underground journeys	97.48483729
2018	Underground journeys	109.8519982
2018	Underground journeys	112.7107538
2018	Underground journeys	118.222383
2018	Underground journeys	91.8552866
2019	Underground journeys	106.7303206
2019	Underground journeys	110.8092361
2019	Underground journeys	114.0837246
2019	Underground journeys	101.153075
2019	Underground journeys	106.1100313
2019	Underground journeys	107.9687162
2019	Underground journeys	111.7450324
2019	Underground journeys	102.9660385
2019	Underground journeys	99.39229195
2019	Underground journeys	112.2414217
2019	Underground journeys	113.2830611
2019	Underground journeys	117.5464318
2019	Underground journeys	91.20231391
2020	Underground journeys	105.8471547
2020	Underground journeys	106.2411282
2020	Underground journeys	60.9399269
2020	Underground journeys	5.745631919
2020	Underground journeys	6.682986737
2020	Underground journeys	13.30686
2020	Underground journeys	22.21073222
2020	Underground journeys	28.76560573
2020	Underground journeys	36.32026777
2020	Underground journeys	39.49871554
2020	Underground journeys	33.74868381
2020	Underground journeys	32.12328052
2020	Underground journeys	18.82991675
2021	Underground journeys	16.75093711
2021	Underground journeys	19.75748023
2021	Underground journeys	22.40446201
2021	Underground journeys	37.37467228
2021	Underground journeys	42.4625289
2021	Underground journeys	48.55730403
2021	Underground journeys	49.58503144
2021	Underground journeys	51.59766814
2021	Underground journeys	58.16290188
2021	Underground journeys	69.67121249
2021	Underground journeys	73.69887416
2021	Underground journeys	75.80145563
2021	Underground journeys	45.35610875
2022	Underground journeys	60.2393162
2022	Underground journeys	65.43297267
2022	Underground journeys	70.40189235
2022	Underground journeys	79.18101642
2022	Underground journeys	80.14205055
2022	Underground journeys	71.67722419
2022	Underground journeys	81.27283254
2022	Underground journeys	73.86946167
2022	Underground journeys	79.5700613
2022	Underground journeys	88.20301013
2022	Underground journeys	87.62562593
2022	Underground journeys	95.10947794
2022	Underground journeys	68.53039333
2023	Underground journeys	85.20496753
2023	Underground journeys	89.79605193
2023	Underground journeys	84.92813593
2023	Underground journeys	91.53708792
2023	Underground journeys	88.20900144
2023	Underground journeys	90.22540228
2023	Underground journeys	94.11400806
2023	Underground journeys	86.64795536
2023	Underground journeys	83.65839291
2023	Underground journeys	93.39253916
2023	Underground journeys	95.80118559
2023	Underground journeys	101.7694301
2023	Underground journeys	81.48339677
2024	Underground journeys	87.18977764
2024	Underground journeys	93.06288393
2024	Underground journeys	93.68883643
2024	Underground journeys	89.41860743
2024	Underground journeys	91.90685105
2024	Underground journeys	92.99913995
2024	Underground journeys	95.22342873
2010	DLR Journeys	6.291
2010	DLR Journeys	5.813
2010	DLR Journeys	5.752
2010	DLR Journeys	6.06448
2010	DLR Journeys	5.767624
2010	DLR Journeys	5.52
2010	DLR Journeys	6.311515
2010	DLR Journeys	6.74197
2010	DLR Journeys	6.437513
2010	DLR Journeys	4.847
2011	DLR Journeys	6.253352442
2011	DLR Journeys	6.478
2011	DLR Journeys	6.039
2011	DLR Journeys	6.415
2011	DLR Journeys	6.325
2011	DLR Journeys	6.085939
2011	DLR Journeys	6.413
2011	DLR Journeys	6.172
2011	DLR Journeys	6.434
2011	DLR Journeys	7.451
2011	DLR Journeys	7.284
2011	DLR Journeys	7.105
2011	DLR Journeys	5.238
2012	DLR Journeys	6.898
2012	DLR Journeys	7.009
2012	DLR Journeys	7.28549
2012	DLR Journeys	6.973632
2012	DLR Journeys	7.357288
2012	DLR Journeys	6.955807
2012	DLR Journeys	7.923954
2012	DLR Journeys	10.636562
2012	DLR Journeys	8.667859
2012	DLR Journeys	7.705303
2012	DLR Journeys	7.964772
2012	DLR Journeys	7.677249
2012	DLR Journeys	5.744542
2013	DLR Journeys	7.250798
2013	DLR Journeys	7.573856
2013	DLR Journeys	7.601268
2013	DLR Journeys	7.635204
2013	DLR Journeys	7.897413
2013	DLR Journeys	7.675261
2013	DLR Journeys	8.011266
2013	DLR Journeys	7.533787
2013	DLR Journeys	7.193315
2013	DLR Journeys	7.933893
2013	DLR Journeys	8.247655
2013	DLR Journeys	8.227135
2013	DLR Journeys	6.452387
2014	DLR Journeys	7.775382
2014	DLR Journeys	8.276009
2014	DLR Journeys	8.276009
2014	DLR Journeys	7.561717
2014	DLR Journeys	8.326196
2014	DLR Journeys	8.279265
2014	DLR Journeys	8.252254
2014	DLR Journeys	8.154088
2014	DLR Journeys	8.154088
2014	DLR Journeys	8.69208
2014	DLR Journeys	9.161407
2014	DLR Journeys	9.189163
2014	DLR Journeys	6.920918
2015	DLR Journeys	8.564776
2015	DLR Journeys	9.025282136
2015	DLR Journeys	10.00850628
2015	DLR Journeys	10.239446
2015	DLR Journeys	8.907715131
2015	DLR Journeys	9.053334173
2015	DLR Journeys	9.036094237
2015	DLR Journeys	8.900876849
2015	DLR Journeys	8.696843339
2015	DLR Journeys	9.593599709
2015	DLR Journeys	8.852735306
2015	DLR Journeys	9.41798609
2015	DLR Journeys	7.11907788
2016	DLR Journeys	9.256776652
2016	DLR Journeys	9.51310813
2016	DLR Journeys	8.366346391
2016	DLR Journeys	10.37966587
2016	DLR Journeys	9.535925715
2016	DLR Journeys	9.206399288
2016	DLR Journeys	9.374086282
2016	DLR Journeys	8.973565729
2016	DLR Journeys	8.755083128
2016	DLR Journeys	9.619824857
2016	DLR Journeys	10.06123362
2016	DLR Journeys	10.05278135
2016	DLR Journeys	7.55864029
2017	DLR Journeys	9.567922239
2017	DLR Journeys	9.744193022
2017	DLR Journeys	9.473688795
2017	DLR Journeys	9.715748354
2017	DLR Journeys	9.396461646
2017	DLR Journeys	9.162794811
2017	DLR Journeys	9.558797626
2017	DLR Journeys	9.154602405
2017	DLR Journeys	8.640984748
2017	DLR Journeys	9.607001818
2017	DLR Journeys	9.898290424
2017	DLR Journeys	9.809116879
2017	DLR Journeys	7.418822429
2018	DLR Journeys	9.271169308
2018	DLR Journeys	9.260214718
2018	DLR Journeys	8.689610549
2018	DLR Journeys	9.400587246
2018	DLR Journeys	9.744282812
2018	DLR Journeys	9.208412079
2018	DLR Journeys	9.640790044
2018	DLR Journeys	8.959368206
2018	DLR Journeys	8.642018964
2018	DLR Journeys	9.597917439
2018	DLR Journeys	10.1320108
2018	DLR Journeys	9.93361185
2018	DLR Journeys	7.54857238
2019	DLR Journeys	9.318522164
2019	DLR Journeys	9.7321505
2019	DLR Journeys	10.024529
2019	DLR Journeys	8.87420258
2019	DLR Journeys	9.735711854
2019	DLR Journeys	9.299004831
2019	DLR Journeys	9.638052587
2019	DLR Journeys	9.149119986
2019	DLR Journeys	8.734402474
2019	DLR Journeys	9.532690637
2019	DLR Journeys	9.952614599
2019	DLR Journeys	9.844768601
2019	DLR Journeys	7.510701186
2020	DLR Journeys	9.188811355
2020	DLR Journeys	9.282261765
2020	DLR Journeys	6.061950204
2020	DLR Journeys	1.205124847
2020	DLR Journeys	1.358112461
2020	DLR Journeys	2.133763106
2020	DLR Journeys	2.949872231
2020	DLR Journeys	3.588900909
2020	DLR Journeys	4.161391603
2020	DLR Journeys	4.461518311
2020	DLR Journeys	4.063587913
2020	DLR Journeys	4.008239745
2020	DLR Journeys	2.741322385
2021	DLR Journeys	2.662126159
2021	DLR Journeys	3.104258322
2021	DLR Journeys	3.306869833
2021	DLR Journeys	4.889365032
2021	DLR Journeys	5.005304801
2021	DLR Journeys	5.566634146
2021	DLR Journeys	5.36350358
2021	DLR Journeys	5.5225868
2021	DLR Journeys	5.947068727
2021	DLR Journeys	7.149823241
2021	DLR Journeys	7.155069445
2021	DLR Journeys	6.985014926
2021	DLR Journeys	4.554093183
2022	DLR Journeys	5.867801633
2022	DLR Journeys	6.506232073
2022	DLR Journeys	6.59650958
2022	DLR Journeys	7.121667884
2022	DLR Journeys	7.616689523
2022	DLR Journeys	6.707628042
2022	DLR Journeys	6.506241281
2022	DLR Journeys	6.44799393
2022	DLR Journeys	6.511353455
2022	DLR Journeys	7.570062736
2022	DLR Journeys	7.688513699
2022	DLR Journeys	7.557438
2022	DLR Journeys	5.732306
2023	DLR Journeys	7.413843085
2023	DLR Journeys	7.803097545
2023	DLR Journeys	7.57975
2023	DLR Journeys	8.221042127
2023	DLR Journeys	7.720572
2023	DLR Journeys	7.867697
2023	DLR Journeys	7.894126422
2023	DLR Journeys	7.213507055
2023	DLR Journeys	7.301096
2023	DLR Journeys	8.280110163
2023	DLR Journeys	7.759404856
2023	DLR Journeys	7.925633
2023	DLR Journeys	6.097673
2024	DLR Journeys	7.41701368
2024	DLR Journeys	7.652375992
2024	DLR Journeys	7.593013753
2024	DLR Journeys	7.18523
2024	DLR Journeys	7.547877
2024	DLR Journeys	7.558385433
2024	DLR Journeys	7.584176
2010	Tram Journeys	2.2877845
2010	Tram Journeys	2.1547905
2010	Tram Journeys	2.1291215
2010	Tram Journeys	2.1419405
2010	Tram Journeys	2.0084825
2010	Tram Journeys	2.0267475
2010	Tram Journeys	2.2727365
2010	Tram Journeys	2.2050475
2010	Tram Journeys	2.294527
2010	Tram Journeys	1.8491465
2011	Tram Journeys	2.140724
2011	Tram Journeys	2.2221135
2011	Tram Journeys	2.129084
2011	Tram Journeys	2.112539
2011	Tram Journeys	2.243446
2011	Tram Journeys	2.207762
2011	Tram Journeys	2.282373
2011	Tram Journeys	1.925193
2011	Tram Journeys	2.149924
2011	Tram Journeys	2.364217
2011	Tram Journeys	2.308021
2011	Tram Journeys	2.396722
2011	Tram Journeys	1.92691
2012	Tram Journeys	2.249438
2012	Tram Journeys	2.028529
2012	Tram Journeys	2.347108
2012	Tram Journeys	2.148610908
2012	Tram Journeys	2.338405044
2012	Tram Journeys	2.177143285
2012	Tram Journeys	2.489121454
2012	Tram Journeys	2.328187675
2012	Tram Journeys	2.350059961
2012	Tram Journeys	2.497070196
2012	Tram Journeys	2.1722911
2012	Tram Journeys	2.4633864
2012	Tram Journeys	2.038857573
2013	Tram Journeys	2.312969946
2013	Tram Journeys	2.357240795
2013	Tram Journeys	2.395583543
2013	Tram Journeys	2.2857799
2013	Tram Journeys	2.471114322
2013	Tram Journeys	2.384661963
2013	Tram Journeys	2.520668741
2013	Tram Journeys	2.241317567
2013	Tram Journeys	2.035954184
2013	Tram Journeys	2.590109907
2013	Tram Journeys	2.444683228
2013	Tram Journeys	2.568597062
2013	Tram Journeys	2.033851329
2014	Tram Journeys	2.447911409
2014	Tram Journeys	2.433560379
2014	Tram Journeys	2.765871109
2014	Tram Journeys	2.242393829
2014	Tram Journeys	2.358107152
2014	Tram Journeys	2.288241128
2014	Tram Journeys	2.472438453
2014	Tram Journeys	1.966043618
2014	Tram Journeys	2.257142926
2014	Tram Journeys	2.638905613
2014	Tram Journeys	2.408685204
2014	Tram Journeys	2.597320062
2014	Tram Journeys	2.084920346
2015	Tram Journeys	2.437836606
2015	Tram Journeys	2.448465498
2015	Tram Journeys	2.536398771
2015	Tram Journeys	2.085206
2015	Tram Journeys	2.009069
2015	Tram Journeys	2.111567
2015	Tram Journeys	2.174068
2015	Tram Journeys	1.846514
2015	Tram Journeys	2.025645
2015	Tram Journeys	2.200561
2015	Tram Journeys	2.16637
2015	Tram Journeys	2.25369
2015	Tram Journeys	1.848881
2016	Tram Journeys	2.133401629
2016	Tram Journeys	2.231009117
2016	Tram Journeys	1.901846842
2016	Tram Journeys	2.392990897
2016	Tram Journeys	2.381151083
2016	Tram Journeys	2.309534152
2016	Tram Journeys	2.439134898
2016	Tram Journeys	1.813009057
2016	Tram Journeys	2.244757992
2016	Tram Journeys	2.518967928
2016	Tram Journeys	2.219800939
2016	Tram Journeys	2.123296512
2016	Tram Journeys	2.084239862
2017	Tram Journeys	2.40832477
2017	Tram Journeys	2.206987478
2017	Tram Journeys	2.38874319
2017	Tram Journeys	2.133444005
2017	Tram Journeys	2.259733915
2017	Tram Journeys	2.22733318
2017	Tram Journeys	2.366947479
2017	Tram Journeys	2.060928147
2017	Tram Journeys	2.207812359
2017	Tram Journeys	2.535750337
2017	Tram Journeys	2.323729408
2017	Tram Journeys	2.434063255
2017	Tram Journeys	1.938765422
2018	Tram Journeys	2.241396561
2018	Tram Journeys	2.165873986
2018	Tram Journeys	2.181508916
2018	Tram Journeys	1.930794131
2018	Tram Journeys	2.347233824
2018	Tram Journeys	2.271671918
2018	Tram Journeys	2.357244124
2018	Tram Journeys	2.063891481
2018	Tram Journeys	2.205294413
2018	Tram Journeys	2.397660726
2018	Tram Journeys	2.321038206
2018	Tram Journeys	2.35507492
2018	Tram Journeys	1.855491815
2019	Tram Journeys	2.221696164
2019	Tram Journeys	2.17577707
2019	Tram Journeys	2.1872738
2019	Tram Journeys	1.974102172
2019	Tram Journeys	2.159410313
2019	Tram Journeys	2.229806879
2019	Tram Journeys	2.318362493
2019	Tram Journeys	2.006081421
2019	Tram Journeys	1.647323423
2019	Tram Journeys	2.307972909
2019	Tram Journeys	2.201839772
2019	Tram Journeys	2.315897918
2019	Tram Journeys	1.909165289
2020	Tram Journeys	2.306802813
2020	Tram Journeys	2.196717919
2020	Tram Journeys	1.609062342
2020	Tram Journeys	0.440934103
2020	Tram Journeys	0.470811182
2020	Tram Journeys	0.704707251
2020	Tram Journeys	1.000114417
2020	Tram Journeys	1.03842435
2020	Tram Journeys	1.217863616
2020	Tram Journeys	1.386815393
2020	Tram Journeys	1.027393231
2020	Tram Journeys	1.130221658
2020	Tram Journeys	0.73895385
2021	Tram Journeys	0.668000889
2021	Tram Journeys	0.772059038
2021	Tram Journeys	0.971978853
2021	Tram Journeys	1.259912104
2021	Tram Journeys	1.480810339
2021	Tram Journeys	1.495872167
2021	Tram Journeys	1.502612253
2021	Tram Journeys	1.266967879
2021	Tram Journeys	1.238905097
2021	Tram Journeys	1.677421013
2021	Tram Journeys	1.664439075
2021	Tram Journeys	1.556498656
2021	Tram Journeys	1.243865261
2022	Tram Journeys	1.608317179
2022	Tram Journeys	1.406886544
2022	Tram Journeys	1.53839176
2022	Tram Journeys	1.580049835
2022	Tram Journeys	1.790680814
2022	Tram Journeys	1.745495802
2022	Tram Journeys	1.46955654
2022	Tram Journeys	1.54454662
2022	Tram Journeys	1.453775667
2022	Tram Journeys	1.641060508
2022	Tram Journeys	1.690798187
2022	Tram Journeys	1.602802
2022	Tram Journeys	1.295158
2023	Tram Journeys	1.783315698
2023	Tram Journeys	1.633231022
2023	Tram Journeys	1.671876
2023	Tram Journeys	1.439288263
2023	Tram Journeys	1.644551785
2023	Tram Journeys	1.676165477
2023	Tram Journeys	1.630184323
2023	Tram Journeys	1.425394073
2023	Tram Journeys	1.688012039
2023	Tram Journeys	1.631487314
2023	Tram Journeys	1.264006785
2023	Tram Journeys	1.734252175
2023	Tram Journeys	1.380218963
2024	Tram Journeys	1.693239588
2024	Tram Journeys	1.170339345
2024	Tram Journeys	1.588655475
2024	Tram Journeys	0.687331
2024	Tram Journeys	1.388819
2024	Tram Journeys	1.479744339
2024	Tram Journeys	1.554448
2010	Overground Journeys	0.0
2010	Overground Journeys	0.0
2010	Overground Journeys	0.0
2010	Overground Journeys	0.0
2010	Overground Journeys	0.0
2010	Overground Journeys	0.0
2010	Overground Journeys	0.0
2010	Overground Journeys	5.634584968
2010	Overground Journeys	5.437621108
2010	Overground Journeys	3.482651646
2011	Overground Journeys	5.243922841
2011	Overground Journeys	5.154636957
2011	Overground Journeys	5.840221006
2011	Overground Journeys	6.255826688
2011	Overground Journeys	6.435434169
2011	Overground Journeys	6.939514058
2011	Overground Journeys	7.583551011
2011	Overground Journeys	7.652665925
2011	Overground Journeys	7.681396324
2011	Overground Journeys	8.698969452
2011	Overground Journeys	8.802090147
2011	Overground Journeys	9.017742087
2011	Overground Journeys	6.882365476
2012	Overground Journeys	8.701779664
2012	Overground Journeys	8.816425055
2012	Overground Journeys	9.098568908
2012	Overground Journeys	8.530067297
2012	Overground Journeys	8.870131388
2012	Overground Journeys	8.568230412
2012	Overground Journeys	8.871851218
2012	Overground Journeys	10.50640562
2012	Overground Journeys	9.825229929
2012	Overground Journeys	9.666574601
2012	Overground Journeys	9.847806267
2012	Overground Journeys	9.991859874
2012	Overground Journeys	8.214637796
2013	Overground Journeys	10.18613218
2013	Overground Journeys	10.73786676
2013	Overground Journeys	10.76740216
2013	Overground Journeys	10.27484354
2013	Overground Journeys	10.33791163
2013	Overground Journeys	10.90388008
2013	Overground Journeys	11.32033596
2013	Overground Journeys	10.57159315
2013	Overground Journeys	10.35787157
2013	Overground Journeys	11.21835925
2013	Overground Journeys	9.58901815
2013	Overground Journeys	10.62870273
2013	Overground Journeys	8.142000786
2014	Overground Journeys	10.30713502
2014	Overground Journeys	10.80797722
2014	Overground Journeys	11.2579516
2014	Overground Journeys	9.721181807
2014	Overground Journeys	10.53527559
2014	Overground Journeys	10.49466896
2014	Overground Journeys	10.7756373
2014	Overground Journeys	10.64618227
2014	Overground Journeys	10.81955554
2014	Overground Journeys	10.84366212
2014	Overground Journeys	11.04538765
2014	Overground Journeys	11.23038825
2014	Overground Journeys	8.668505227
2015	Overground Journeys	11.35479264
2015	Overground Journeys	11.08739821
2015	Overground Journeys	12.62492939
2015	Overground Journeys	13.32389054
2015	Overground Journeys	11.81718347
2015	Overground Journeys	14.68160573
2015	Overground Journeys	14.86933322
2015	Overground Journeys	13.76391107
2015	Overground Journeys	13.93937148
2015	Overground Journeys	15.65157073
2015	Overground Journeys	15.53898643
2015	Overground Journeys	15.75319307
2015	Overground Journeys	11.31366562
2016	Overground Journeys	15.39186469
2016	Overground Journeys	14.49889317
2016	Overground Journeys	12.61567151
2016	Overground Journeys	15.64536191
2016	Overground Journeys	14.43277766
2016	Overground Journeys	13.77792909
2016	Overground Journeys	14.13202587
2016	Overground Journeys	13.74282798
2016	Overground Journeys	14.18852051
2016	Overground Journeys	15.23670263
2016	Overground Journeys	15.43628028
2016	Overground Journeys	15.69699568
2016	Overground Journeys	11.98208519
2017	Overground Journeys	14.83998874
2017	Overground Journeys	14.6108366
2017	Overground Journeys	15.06085133
2017	Overground Journeys	14.72110999
2017	Overground Journeys	14.83456338
2017	Overground Journeys	14.38761568
2017	Overground Journeys	14.98989134
2017	Overground Journeys	14.44132847
2017	Overground Journeys	14.54848112
2017	Overground Journeys	15.59906054
2017	Overground Journeys	15.44275651
2017	Overground Journeys	15.51043386
2017	Overground Journeys	11.55572814
2018	Overground Journeys	14.82053681
2018	Overground Journeys	14.13058085
2018	Overground Journeys	15.0901503
2018	Overground Journeys	14.68761425
2018	Overground Journeys	14.41798508
2018	Overground Journeys	14.25590317
2018	Overground Journeys	14.83663807
2018	Overground Journeys	14.04167186
2018	Overground Journeys	14.14925828
2018	Overground Journeys	15.8087653
2018	Overground Journeys	15.63294442
2018	Overground Journeys	15.59287265
2018	Overground Journeys	11.58278136
2019	Overground Journeys	14.47152417
2019	Overground Journeys	14.40872535
2019	Overground Journeys	15.67047415
2019	Overground Journeys	13.88291925
2019	Overground Journeys	14.15696308
2019	Overground Journeys	13.79133005
2019	Overground Journeys	14.83199116
2019	Overground Journeys	12.94871815
2019	Overground Journeys	13.52311989
2019	Overground Journeys	17.82063199
2019	Overground Journeys	17.1082871
2019	Overground Journeys	15.83140693
2019	Overground Journeys	10.58719779
2020	Overground Journeys	14.05691148
2020	Overground Journeys	15.60820526
2020	Overground Journeys	12.95458801
2020	Overground Journeys	0.999692678
2020	Overground Journeys	1.491889551
2020	Overground Journeys	2.797743723
2020	Overground Journeys	4.490086172
2020	Overground Journeys	5.073182347
2020	Overground Journeys	6.61931978
2020	Overground Journeys	8.455669045
2020	Overground Journeys	7.080423369
2020	Overground Journeys	6.61382143
2020	Overground Journeys	3.192937975
2021	Overground Journeys	3.499736136
2021	Overground Journeys	4.38364971
2021	Overground Journeys	4.825239129
2021	Overground Journeys	8.647541589
2021	Overground Journeys	7.686087707
2021	Overground Journeys	7.777896583
2021	Overground Journeys	10.14764205
2021	Overground Journeys	8.574371395
2021	Overground Journeys	10.599299
2021	Overground Journeys	12.47350367
2021	Overground Journeys	11.58683787
2021	Overground Journeys	12.20710486
2021	Overground Journeys	6.727379039
2022	Overground Journeys	9.968767686
2022	Overground Journeys	10.68208527
2022	Overground Journeys	13.83784509
2022	Overground Journeys	11.975279
2022	Overground Journeys	12.8878644
2022	Overground Journeys	11.08386334
2022	Overground Journeys	12.50552727
2022	Overground Journeys	10.02445314
2022	Overground Journeys	12.3020443
2022	Overground Journeys	12.47575723
2022	Overground Journeys	13.25191663
2022	Overground Journeys	13.99023093
2022	Overground Journeys	6.868347355
2023	Overground Journeys	13.13690025
2023	Overground Journeys	13.36432424
2023	Overground Journeys	13.20117727
2023	Overground Journeys	13.82316039
2023	Overground Journeys	14.07166423
2023	Overground Journeys	14.58634116
2023	Overground Journeys	14.33988715
2023	Overground Journeys	12.3755529
2023	Overground Journeys	13.83705622
2023	Overground Journeys	14.84179423
2023	Overground Journeys	14.98325052
2023	Overground Journeys	14.98253714
2023	Overground Journeys	11.30553296
2024	Overground Journeys	13.66938359
2024	Overground Journeys	14.26782968
2024	Overground Journeys	14.06506569
2024	Overground Journeys	13.549056
2024	Overground Journeys	14.79793237
2024	Overground Journeys	13.92663611
2024	Overground Journeys	14.43570526
